id;width;height;status;file_name;comment;created_by;created_date;last_modified_by;last_modified_date
1;48469;32217;INVOICED;reboot Rupiah payment;Handcrafted Legacy Berkshire;online Auto;2023-05-07T23:36:09;Account Outdoors Investment;2023-05-07T18:50:41
2;40818;60230;COMPLETED;Rial Slovenia Cotton;Cotton;Global deposit solid;2023-05-07T18:38:41;olive Response Auto;2023-05-07T14:15:35
3;45175;30351;IN_PROGRESS;tan;Gorgeous proactive;Rapid;2023-05-07T08:51:26;protocol programming Cambridgeshire;2023-05-08T00:04:57
4;43164;18190;IN_PROGRESS;Mobility Hryvnia;Pizza;Pennsylvania Web;2023-05-07T20:48:01;Granite payment;2023-05-07T05:49:58
5;82216;63016;COMPLETED;bypassing Table Specialist;visionary Ball Executive;Cambridgeshire;2023-05-07T08:24:35;Tasty;2023-05-07T23:31:59
6;11686;18730;IN_PROGRESS;Harbors cohesive Denar;tertiary ivory;Assistant payment payment;2023-05-07T22:50:45;Chips Denar Belarus;2023-05-07T05:24:54
7;42018;38696;IN_PROGRESS;programming;24/7;Frozen payment;2023-05-07T08:36:35;Alabama;2023-05-07T06:32:35
8;26243;92762;IN_PROGRESS;deposit eyeballs North;Home Product;of Awesome withdrawal;2023-05-07T08:40:48;Stand-alone Money input;2023-05-07T15:38:59
9;49965;31222;COMPLETED;Marketing Analyst;Quality;Virtual;2023-05-07T11:07:46;Avon generate Metal;2023-05-07T15:14:04
10;68071;69900;IN_PROGRESS;Savings Refined;virtual Account;Awesome;2023-05-07T23:59:53;withdrawal Berkshire Cambridgeshire;2023-05-08T01:19:52
